time;b-value;magnitud_anterior;magnitud_actual
0.03036712319953950000000000000000000;-0.16156788761281600000000000000000000;3.40;6.20
0.00296437757197054000000000000000000;-0.03675876211228460000000000000000000;3.90;5.90
0.08161792695477740000000000000000000;-0.10081836187039800000000000000000000;3.00;5.70
0.04803819444418880000000000000000000;-0.04557266554720140000000000000000000;3.90;5.70
0.00067759773651232500000000000000000;-0.01755070875185520000000000000000000;3.50;5.50
0.09744904192416470000000000000000000;-0.09790691927102400000000000000000000;3.70;5.40
0.01226424254127780000000000000000000;-0.02647322955765170000000000000000000;3.80;5.40
0.01522331532919450000000000000000000;-0.15259283999271200000000000000000000;3.10;5.30
0.01104420653291530000000000000000000;-0.05833806473327370000000000000000000;4.00;5.30
0.01169737011332470000000000000000000;-0.10932161044199300000000000000000000;4.40;5.20
0.02643531378635090000000000000000000;-0.01231167914679670000000000000000000;3.40;5.20
0.13708487654321300000000000000000000;-0.01949057145536960000000000000000000;5.00;5.20
0.07969994212953680000000000000000000;-0.03868353149746450000000000000000000;3.30;5.10
0.08017547582312550000000000000000000;-0.01311085597205870000000000000000000;5.20;5.10
0.12982121270579200000000000000000000;-0.00582976914066868000000000000000000;4.10;5.00
0.03277298739726580000000000000000000;-0.04329868615812760000000000000000000;3.00;4.90
0.00001176697537630390000000000000000;-0.05702396033393620000000000000000000;6.20;4.80
0.00845907278812774000000000000000000;-0.05463118179457620000000000000000000;3.00;4.80
0.01580259773663780000000000000000000;-0.09108075736929730000000000000000000;4.10;4.70
0.33118904321008800000000000000000000;-0.11368593485900400000000000000000000;4.60;4.70
0.02931548996912170000000000000000000;-0.01600200743932410000000000000000000;3.60;4.70
0.02007005529821980000000000000000000;-0.02011181262865780000000000000000000;4.70;4.70
0.00588763503105838000000000000000000;-0.01893657128316240000000000000000000;3.60;4.70
0.00146916795279139000000000000000000;0.01085763348841740000000000000000000;3.60;4.60
0.02618110210914890000000000000000000;-0.11898013280586900000000000000000000;3.90;4.60
0.00126269933116419000000000000000000;-0.01861245702700010000000000000000000;3.90;4.60
0.02971765689289900000000000000000000;-0.01110664451332500000000000000000000;3.40;4.60
0.01853417566849200000000000000000000;-0.01315246765303630000000000000000000;3.40;4.60
0.10024421296293400000000000000000000;-0.02736418433346140000000000000000000;3.00;4.60
0.00238760288084450000000000000000000;-0.01624447199077760000000000000000000;4.00;4.60
0.00111300797334479000000000000000000;-0.01448539682045910000000000000000000;3.40;4.60
0.01623414994878660000000000000000000;-0.01364052520939680000000000000000000;3.00;4.60
0.01939364711938650000000000000000000;-0.07394085945756920000000000000000000;3.00;4.50
0.00070325360093193000000000000000000;-0.07609475040230930000000000000000000;3.30;4.50
0.00323559670778195000000000000000000;-0.03440899722539200000000000000000000;4.40;4.50
0.01842811213987260000000000000000000;0.01102319219516710000000000000000000;3.90;4.50
0.00353404706788751000000000000000000;-0.01520010926519330000000000000000000;3.30;4.50
0.00148270318936738000000000000000000;-0.02407315230907310000000000000000000;3.70;4.50
0.14356770833319400000000000000000000;-0.01003916971574760000000000000000000;3.60;4.50
0.01906436471199410000000000000000000;-0.05027637179490760000000000000000000;3.10;4.40
0.05984972993837800000000000000000000;-0.08344481152071740000000000000000000;3.50;4.40
0.01964872685175580000000000000000000;-0.07887372087887390000000000000000000;3.40;4.40
0.00940020576126699000000000000000000;-0.08225274278470710000000000000000000;4.00;4.40
0.05528922325106580000000000000000000;-0.02593964353610570000000000000000000;3.10;4.40
0.00161458333332121000000000000000000;-0.07034736488077780000000000000000000;3.20;4.40
0.06661734825115670000000000000000000;-0.02644106434722890000000000000000000;3.20;4.40
0.06791316229418950000000000000000000;-0.05271548333092680000000000000000000;4.40;4.40
0.18322518004129100000000000000000000;-0.03472503853171070000000000000000000;5.30;4.40
0.00723765432076107000000000000000000;-0.01604493703674630000000000000000000;4.00;4.40
0.01490100951650670000000000000000000;0.00986750984563733000000000000000000;4.60;4.40
0.00705507330258115000000000000000000;0.00000000000000000000000000000000000;3.80;4.40
0.04775749099803760000000000000000000;-0.00476184425844917000000000000000000;3.50;4.40
0.00041206918717762200000000000000000;-0.01051602926437510000000000000000000;3.70;4.40
0.01530166538054800000000000000000000;-0.06028003699276450000000000000000000;4.70;4.30
0.01839380787032500000000000000000000;-0.01205168392449970000000000000000000;3.60;4.30
0.24474813528809100000000000000000000;-0.05458703895214360000000000000000000;4.10;4.30
0.00037503215025935800000000000000000;-0.04304633580169040000000000000000000;4.40;4.30
0.25176173482509500000000000000000000;0.00764818402900636000000000000000000;3.00;4.30
0.04213001543189420000000000000000000;-0.07539834755264610000000000000000000;3.20;4.30
0.11240808256161500000000000000000000;-0.08141749387344020000000000000000000;3.10;4.30
0.00845010288048798000000000000000000;-0.01914878668003830000000000000000000;3.60;4.30
0.04467685828194590000000000000000000;-0.00757899288517172000000000000000000;4.10;4.30
0.00053308256178752300000000000000000;-0.00452333543622951000000000000000000;3.70;4.30
0.04372730195495930000000000000000000;-0.00724762301039572000000000000000000;3.50;4.30
0.02884831532946920000000000000000000;-0.00487752113548179000000000000000000;4.20;4.30
0.00130735596712839000000000000000000;-0.03525976146003610000000000000000000;3.40;4.20
0.02602459490731230000000000000000000;-0.10936101981850400000000000000000000;3.40;4.20
0.07391293724276690000000000000000000;-0.04880151945155210000000000000000000;3.20;4.20
0.07220540766456910000000000000000000;-0.06069332821629400000000000000000000;3.40;4.20
0.02385503472214620000000000000000000;0.00778327840768345000000000000000000;3.40;4.20
0.00822225437218549000000000000000000;-0.01083893585662490000000000000000000;4.10;4.20
0.00819293338486204000000000000000000;-0.01452931660868540000000000000000000;4.00;4.20
0.01223839377553300000000000000000000;-0.01383824604871040000000000000000000;3.40;4.20
0.01695563271573520000000000000000000;-0.00749300348349247000000000000000000;3.10;4.20
0.03055661651251280000000000000000000;-0.00384688854159398000000000000000000;3.90;4.20
0.01201128472234810000000000000000000;-0.02628554065573410000000000000000000;3.10;4.20
0.02699302340533900000000000000000000;-0.02072914736151930000000000000000000;3.70;4.20
0.00254417438259225000000000000000000;-0.00899160418019129000000000000000000;4.20;4.20
0.00100389017507041000000000000000000;-0.00477148806731842000000000000000000;4.10;4.20
0.03265473894020940000000000000000000;-0.01077247494501430000000000000000000;3.90;4.20
0.03057108410484940000000000000000000;-0.05503281055881400000000000000000000;3.30;4.10
0.08715850051453340000000000000000000;-0.04346105623122020000000000000000000;3.50;4.10
0.02767373971187230000000000000000000;-0.02274459956339350000000000000000000;3.30;4.10
0.07100225051431150000000000000000000;-0.04030609244486960000000000000000000;3.70;4.10
0.05085651363174290000000000000000000;-0.02894862316674100000000000000000000;3.50;4.10
0.12125196116244300000000000000000000;-0.02164737670098220000000000000000000;3.20;4.10
0.02239789094664960000000000000000000;-0.01650169015867280000000000000000000;3.20;4.10
0.00387905092588881000000000000000000;0.00359817132945350000000000000000000;3.30;4.10
0.00162461419768078000000000000000000;-0.00135378579146883000000000000000000;3.40;4.10
0.00749736368311460000000000000000000;0.00000000000000000000000000000000000;3.80;4.10
0.00242531507205968000000000000000000;0.00294526792515137000000000000000000;3.80;4.10
0.05558587319956130000000000000000000;0.00000000000000000000000000000000000;3.20;4.10
0.01629414223225470000000000000000000;0.00000000000000000000000000000000000;3.20;4.10
0.00156021733550915000000000000000000;-0.00605386350829218000000000000000000;4.20;4.10
0.01042907664577800000000000000000000;-0.01269124727946400000000000000000000;3.40;4.10
0.01440145961942110000000000000000000;-0.01226820570348140000000000000000000;4.10;4.10
0.01974858539074380000000000000000000;0.00688962627551337000000000000000000;4.00;4.10
0.00016116898132168000000000000000000;-0.00484992348760349000000000000000000;3.70;4.10
0.01571248070990800000000000000000000;-0.00690645525462241000000000000000000;3.80;4.10
0.00739920910496039000000000000000000;-0.01452931660868530000000000000000000;3.10;4.10
0.00931886574085183000000000000000000;-0.00147646894685338000000000000000000;3.20;4.10
0.04831921939285170000000000000000000;-0.04405354000709380000000000000000000;3.30;4.00
0.01436596579219440000000000000000000;0.03824900319728370000000000000000000;3.40;4.00
0.01718100565835810000000000000000000;-0.08081100106122640000000000000000000;3.10;4.00
0.03252379115201620000000000000000000;-0.04772466834101490000000000000000000;3.80;4.00
0.28785664223278200000000000000000000;-0.01495581665386550000000000000000000;3.50;4.00
0.03037432484575220000000000000000000;0.00545596082793098000000000000000000;3.10;4.00
0.02676890432121580000000000000000000;-0.04563195032606490000000000000000000;3.10;4.00
0.03749463091571670000000000000000000;0.02350078365277250000000000000000000;4.30;4.00
0.13418891460924000000000000000000000;0.00463277097097636000000000000000000;3.50;4.00
0.18727211934174200000000000000000000;-0.04509651606762330000000000000000000;3.50;4.00
0.07932600308640760000000000000000000;-0.02316682039769010000000000000000000;3.10;4.00
0.03392795138893230000000000000000000;-0.02871368475393400000000000000000000;3.60;4.00
0.03901617155338500000000000000000000;-0.01729272681070950000000000000000000;4.50;4.00
0.00702867798372608000000000000000000;-0.01520851946712590000000000000000000;5.10;4.00
0.05375903420804210000000000000000000;-0.01350619750159390000000000000000000;3.50;4.00
0.02993222736631650000000000000000000;-0.00906517662818840000000000000000000;3.40;4.00
0.01608310828191860000000000000000000;-0.00406140801540456000000000000000000;3.60;4.00
0.00001742541144267310000000000000000;-0.00410227785173090000000000000000000;5.90;4.00
0.01533134002056610000000000000000000;-0.00457812299740934000000000000000000;4.20;4.00
0.00816171553469758000000000000000000;-0.00589252060400303000000000000000000;3.90;4.00
0.00705102237634492000000000000000000;-0.00152377612838484000000000000000000;4.70;4.00
0.00166358024694091000000000000000000;0.00494761794634480000000000000000000;3.90;4.00
0.00653510802476376000000000000000000;-0.01219524095674050000000000000000000;4.00;4.00
0.00292843364172768000000000000000000;-0.00646297197165441000000000000000000;5.40;4.00
0.00004591049355440190000000000000000;-0.01059541972656360000000000000000000;5.20;4.00
0.07426163837476450000000000000000000;-0.05619752612619420000000000000000000;3.20;3.90
0.01354173096683550000000000000000000;-0.03225022885873450000000000000000000;3.00;3.90
0.12841139403326500000000000000000000;-0.04207328594018640000000000000000000;3.10;3.90
0.33975710519553100000000000000000000;-0.03849332129021080000000000000000000;3.00;3.90
0.00637821502073166000000000000000000;-0.06496659692057240000000000000000000;3.00;3.90
0.03498755787018130000000000000000000;-0.02135426411686940000000000000000000;3.60;3.90
0.00115178112127978000000000000000000;-0.01731222522137050000000000000000000;3.20;3.90
0.13092168209914200000000000000000000;-0.02693299112578320000000000000000000;3.10;3.90
0.03545264274680450000000000000000000;-0.03165821889076490000000000000000000;3.20;3.90
0.00306767618303638000000000000000000;-0.04719419667974930000000000000000000;3.00;3.90
0.00218618184158004000000000000000000;-0.07385960576585800000000000000000000;3.00;3.90
0.00170441100840435000000000000000000;-0.04617697840545090000000000000000000;3.50;3.90
0.01953903034950600000000000000000000;-0.00753996565744719000000000000000000;3.50;3.90
0.14083648405358000000000000000000000;-0.01447141773390240000000000000000000;4.80;3.90
0.08477366255124250000000000000000000;-0.02838526025511560000000000000000000;3.10;3.90
0.04805015432111760000000000000000000;-0.01218559152366040000000000000000000;4.30;3.90
0.05805803112161810000000000000000000;-0.01463146790869700000000000000000000;3.00;3.90
0.00214110725323735000000000000000000;-0.00119375950210387000000000000000000;4.40;3.90
0.04525906635808500000000000000000000;0.00690645525462230000000000000000000;3.70;3.90
0.01283950617289520000000000000000000;0.00134705053877526000000000000000000;3.60;3.90
0.03638184799388000000000000000000000;0.00000000000000000000000000000000000;4.10;3.90
0.00686953446484040000000000000000000;0.00000000000000000000000000000000000;3.50;3.90
0.01398405349800670000000000000000000;0.00000000000000000000000000000000000;3.50;3.90
0.00121347736649113000000000000000000;0.00000000000000000000000000000000000;3.60;3.90
0.00681378600802418000000000000000000;-0.00574019418708083000000000000000000;3.80;3.90
0.00310596707799959000000000000000000;0.03651835038076490000000000000000000;3.80;3.90
0.01931021733525990000000000000000000;-0.01366811156066360000000000000000000;3.50;3.90
0.00022241512328946600000000000000000;0.01729272681070950000000000000000000;3.30;3.90
0.00141570216055698000000000000000000;0.00000000000000000000000000000000000;3.80;3.90
0.04938110853936450000000000000000000;-0.00802488025172965000000000000000000;5.70;3.90
0.00814930555588944000000000000000000;-0.00849558845663623000000000000000000;4.40;3.90
0.00987962962994970000000000000000000;-0.00690645525462230000000000000000000;3.30;3.90
0.02425138245894230000000000000000000;-0.00494761794634502000000000000000000;3.70;3.90
0.01051523919750250000000000000000000;-0.00735128783577288000000000000000000;3.70;3.90
0.00219097222225173000000000000000000;0.00219314063903009000000000000000000;3.50;3.90
0.03890972222257010000000000000000000;-0.04405354000709230000000000000000000;4.00;3.80
0.12138319830273800000000000000000000;-0.04466999784475470000000000000000000;3.00;3.80
0.04989136445465190000000000000000000;-0.04615944994416640000000000000000000;3.90;3.80
0.02218505658447610000000000000000000;-0.02742046607828700000000000000000000;3.00;3.80
0.09094360853919170000000000000000000;-0.02937597956596790000000000000000000;3.50;3.80
0.01597923096710470000000000000000000;-0.05355709482097090000000000000000000;3.10;3.80
0.04347254372464700000000000000000000;-0.07369250258539380000000000000000000;3.20;3.80
0.02545228909457360000000000000000000;-0.06623371692897130000000000000000000;3.40;3.80
0.00171344521618266000000000000000000;-0.05740839152719950000000000000000000;3.20;3.80
0.01822000385800490000000000000000000;0.00000000000000000000000000000000000;3.70;3.80
0.00082960390955122400000000000000000;-0.03446781602406970000000000000000000;3.50;3.80
0.00384127443408033000000000000000000;-0.04615944994416780000000000000000000;3.00;3.80
0.08426134902310880000000000000000000;-0.02188726873032090000000000000000000;3.90;3.80
0.04354021990729960000000000000000000;0.00729759513884920000000000000000000;3.50;3.80
0.19559612911507400000000000000000000;-0.01833497671981150000000000000000000;3.20;3.80
0.00138239454736322000000000000000000;-0.04371672955597820000000000000000000;4.70;3.80
0.01423832947534720000000000000000000;-0.05051614113198410000000000000000000;3.10;3.80
0.11460079089488300000000000000000000;-0.00693465747131039000000000000000000;4.10;3.80
0.02190586419737880000000000000000000;-0.00712032872142754000000000000000000;3.50;3.80
0.05796553497930290000000000000000000;-0.00936517715432572000000000000000000;3.60;3.80
0.01474553112143440000000000000000000;-0.00294526792515204000000000000000000;3.60;3.80
0.00795450745886228000000000000000000;-0.00288485337679767000000000000000000;3.40;3.80
0.00837024176939849000000000000000000;-0.00240441182734985000000000000000000;4.60;3.80
0.00410429526732514000000000000000000;0.01178227026324640000000000000000000;3.10;3.80
0.02575292566871210000000000000000000;-0.01033612598029000000000000000000000;4.40;3.80
0.00262789351859283000000000000000000;0.00436097016236991000000000000000000;3.00;3.80
0.00012336033955762100000000000000000;-0.00967391925831385000000000000000000;3.30;3.80
0.01835934284986250000000000000000000;0.00171820890134211000000000000000000;3.20;3.80
0.02368823945471380000000000000000000;0.00626362181122642000000000000000000;3.60;3.80
0.00347617669763167000000000000000000;-0.01457494457792360000000000000000000;3.20;3.80
0.00402633101862193000000000000000000;0.00000000000000000000000000000000000;4.10;3.80
0.00333735210870145000000000000000000;-0.00708399909150170000000000000000000;4.60;3.80
0.00207908950619640000000000000000000;0.00121073219675050000000000000000000;3.90;3.80
0.02358600180059510000000000000000000;0.02098553208045120000000000000000000;5.50;3.80
0.00219868827161918000000000000000000;-0.00107951818004148000000000000000000;4.60;3.80
0.18564547968117000000000000000000000;-0.01957604155525060000000000000000000;3.20;3.70
0.13349138374474000000000000000000000;0.04253535502764500000000000000000000;3.20;3.70
0.01104931841564390000000000000000000;-0.01415931409439360000000000000000000;3.00;3.70
0.02242589377556210000000000000000000;-0.03122084784788700000000000000000000;3.60;3.70
0.01243688914632910000000000000000000;-0.00624309243147625000000000000000000;3.90;3.70
0.11773000257176100000000000000000000;-0.02651613285119090000000000000000000;3.90;3.70
0.00970643647133329000000000000000000;0.06158458336688020000000000000000000;3.40;3.70
0.00154922196543339000000000000000000;-0.03870717307515510000000000000000000;3.40;3.70
0.00916271219148257000000000000000000;-0.01085763348841980000000000000000000;3.20;3.70
0.18739875900178000000000000000000000;0.00000000000000000000000000000000000;3.10;3.70
0.10212053112104500000000000000000000;-0.01731222522136870000000000000000000;3.40;3.70
0.01308844521622630000000000000000000;-0.02528888675678880000000000000000000;3.20;3.70
0.00003790509254031350000000000000000;-0.01418150737667200000000000000000000;3.20;3.70
0.00264644418712123000000000000000000;-0.01311156845404130000000000000000000;3.10;3.70
0.00020280349781387500000000000000000;-0.03849332129021100000000000000000000;3.30;3.70
0.00276781121397107000000000000000000;-0.04146292107641480000000000000000000;3.30;3.70
0.00765380658435788000000000000000000;-0.02359612151748970000000000000000000;3.10;3.70
0.02497080761327200000000000000000000;-0.01247733619718170000000000000000000;3.10;3.70
0.00096048739715115500000000000000000;-0.00773206241816171000000000000000000;3.60;3.70
0.00008693415657035080000000000000000;-0.01861815290414390000000000000000000;3.50;3.70
0.01854401363152650000000000000000000;-0.02206780903979940000000000000000000;3.50;3.70
0.00102491640950575000000000000000000;-0.07047565563421410000000000000000000;3.00;3.70
0.00173990483517628000000000000000000;-0.05348454210631130000000000000000000;3.20;3.70
0.00091078317905157700000000000000000;-0.06626114588759210000000000000000000;3.30;3.70
0.00056124614184227500000000000000000;-0.03370386182275080000000000000000000;3.30;3.70
0.24236056455765700000000000000000000;-0.02422822988717140000000000000000000;3.50;3.70
0.06900009645050890000000000000000000;-0.02035755383921430000000000000000000;3.30;3.70
0.02223710776752340000000000000000000;-0.02681161142753760000000000000000000;3.20;3.70
0.15551585005141500000000000000000000;-0.01178131139362650000000000000000000;3.10;3.70
0.00975610853879516000000000000000000;-0.02359612151749060000000000000000000;3.10;3.70
0.00498498585398011000000000000000000;0.01504021216380410000000000000000000;3.40;3.70
0.01156037808618750000000000000000000;-0.01113428768851990000000000000000000;4.70;3.70
0.01056442901244740000000000000000000;0.00714613561710076000000000000000000;3.40;3.70
0.00113757073040688000000000000000000;-0.00666889552447736000000000000000000;4.10;3.70
0.03244241898141810000000000000000000;0.00938325300110754000000000000000000;3.70;3.70
0.01079439943418950000000000000000000;0.01215932138486580000000000000000000;3.30;3.70
0.02142020318933650000000000000000000;0.00000000000000000000000000000000000;4.20;3.70
0.01025906635800310000000000000000000;-0.00459570880320925000000000000000000;3.20;3.70
0.01825485468111760000000000000000000;0.00548351618564702000000000000000000;3.20;3.70
0.01280060442354620000000000000000000;-0.00287004019232895000000000000000000;3.50;3.70
0.01731397890944210000000000000000000;-0.00425028852909803000000000000000000;3.70;3.70
0.01869010416680790000000000000000000;-0.00433849063531311000000000000000000;3.10;3.70
0.00564551183128970000000000000000000;-0.00421481445946481000000000000000000;3.40;3.70
0.00556336805584579000000000000000000;0.00000000000000000000000000000000000;4.00;3.70
0.00572971322026206000000000000000000;0.00191771973427735000000000000000000;3.30;3.70
0.00148379629627016000000000000000000;-0.00721389447121346000000000000000000;3.00;3.70
0.00075601208868647500000000000000000;-0.00826283260850924000000000000000000;3.50;3.70
0.01590030221154850000000000000000000;0.00000000000000000000000000000000000;3.90;3.70
0.00520650077146456000000000000000000;-0.00377345499168702000000000000000000;3.50;3.70
0.02022794495883320000000000000000000;0.01094945916522640000000000000000000;4.00;3.70
0.00395534336416858000000000000000000;0.00444609420457870000000000000000000;3.60;3.70
0.01888094778792040000000000000000000;-0.02593964353610430000000000000000000;3.00;3.60
0.00382159850823882000000000000000000;-0.02622551219222680000000000000000000;3.00;3.60
0.00958985982492777000000000000000000;-0.02079715367502020000000000000000000;3.40;3.60
0.01064850180046050000000000000000000;-0.01296865987527320000000000000000000;3.00;3.60
0.05682085905323220000000000000000000;0.04826413560238190000000000000000000;3.50;3.60
0.00001250642981176500000000000000000;-0.04255563906812630000000000000000000;3.20;3.60
0.14269753086455200000000000000000000;-0.01778546929185890000000000000000000;3.10;3.60
0.00019547325109670100000000000000000;0.03525976146003510000000000000000000;3.90;3.60
0.00016476980454172000000000000000000;-0.01794753623866550000000000000000000;3.60;3.60
0.10653096064788800000000000000000000;-0.01418150737667360000000000000000000;3.00;3.60
0.00002514146081011860000000000000000;0.15933235709238800000000000000000000;3.30;3.60
0.02627973894027490000000000000000000;0.02660031534728470000000000000000000;3.50;3.60
0.00007532793210884850000000000000000;-0.04067443324518490000000000000000000;3.00;3.60
0.00000334362130161026000000000000000;-0.00405185925047868000000000000000000;3.50;3.60
0.04730050797320470000000000000000000;-0.00346051380002543000000000000000000;3.30;3.60
0.00031706532922726200000000000000000;0.02442287166460030000000000000000000;3.90;3.60
0.01602019032907260000000000000000000;-0.02400301115898500000000000000000000;3.70;3.60
0.00701549639916266000000000000000000;-0.00786423442530970000000000000000000;3.00;3.60
0.00433375128591251000000000000000000;0.12373875698034700000000000000000000;3.00;3.60
0.01405655221196870000000000000000000;-0.01999636941662790000000000000000000;3.30;3.60
0.01065959362131250000000000000000000;-0.02869281725047920000000000000000000;3.50;3.60
0.03862782921805770000000000000000000;-0.00681524201090955000000000000000000;3.80;3.60
0.00009571116265760790000000000000000;-0.03296502929190280000000000000000000;3.60;3.60
0.01095929783946300000000000000000000;-0.03810102047666160000000000000000000;3.30;3.60
0.00493672839502324000000000000000000;-0.06556378048056400000000000000000000;3.10;3.60
0.00447138631670896000000000000000000;-0.05501855704662590000000000000000000;3.40;3.60
0.00664387217079820000000000000000000;0.00000000000000000000000000000000000;3.80;3.60
0.00912712191370701000000000000000000;-0.05130108697590790000000000000000000;3.00;3.60
0.02304632844629850000000000000000000;-0.01977661575151180000000000000000000;3.00;3.60
0.09779526748957320000000000000000000;0.00000000000000000000000000000000000;3.50;3.60
0.03477334104923100000000000000000000;-0.00348830909159281000000000000000000;3.30;3.60
0.01364248971185590000000000000000000;0.00000000000000000000000000000000000;3.00;3.60
0.03748868312754890000000000000000000;-0.01934783851662770000000000000000000;3.70;3.60
0.03330156892980090000000000000000000;-0.03766974428859600000000000000000000;3.50;3.60
0.03354346707806140000000000000000000;-0.02457806915128650000000000000000000;3.50;3.60
0.06950041795266770000000000000000000;-0.04022362525731580000000000000000000;3.30;3.60
0.27308240097750100000000000000000000;-0.01508071678252780000000000000000000;3.70;3.60
0.09543666409467730000000000000000000;-0.01111865033034380000000000000000000;3.40;3.60
0.01998032407414030000000000000000000;0.01944813263693130000000000000000000;3.70;3.60
0.01480507330256840000000000000000000;0.01080435318974380000000000000000000;3.10;3.60
0.09613445216041330000000000000000000;-0.00690645525462230000000000000000000;3.90;3.60
0.00374842463975256000000000000000000;0.00000000000000000000000000000000000;4.00;3.60
0.01172630529822530000000000000000000;0.00627683887705299000000000000000000;3.70;3.60
0.00597839506167475000000000000000000;-0.00297618937318489000000000000000000;4.30;3.60
0.00151996527756637000000000000000000;0.00119375950210332000000000000000000;4.30;3.60
0.01184133873471180000000000000000000;0.00628923737362397000000000000000000;3.00;3.60
0.00232095550404665000000000000000000;0.00906517662818784000000000000000000;3.60;3.60
0.01146945730442890000000000000000000;0.00000000000000000000000000000000000;3.60;3.60
0.00980279063810485000000000000000000;0.00429404990412474000000000000000000;3.90;3.60
0.00164232896099747000000000000000000;0.01218559152366070000000000000000000;3.30;3.60
0.02237821502035330000000000000000000;0.00962141155492191000000000000000000;4.20;3.60
0.07613850308621290000000000000000000;0.00436669966521175000000000000000000;3.50;3.60
0.00061818415633752000000000000000000;0.00348263989465503000000000000000000;3.80;3.60
0.01792952674918520000000000000000000;0.00471964313592688000000000000000000;3.60;3.60
0.00003321116241750130000000000000000;-0.00381004633790416000000000000000000;5.10;3.60
0.00064628343625372500000000000000000;0.00381004633790416000000000000000000;3.60;3.60
0.05324000128621260000000000000000000;-0.01956046489475450000000000000000000;3.40;3.50
0.01303539737659780000000000000000000;-0.01258727292295970000000000000000000;4.20;3.50
0.03240007716044600000000000000000000;-0.01021805255913060000000000000000000;3.20;3.50
0.09472755915658130000000000000000000;-0.00997949880288784000000000000000000;3.50;3.50
0.41134288194416500000000000000000000;-0.00729477587811034000000000000000000;3.00;3.50
0.12142335390967700000000000000000000;0.01861815290414470000000000000000000;3.20;3.50
0.23856690457819200000000000000000000;0.01731222522136850000000000000000000;3.30;3.50
0.04480195473229290000000000000000000;-0.01941380046415090000000000000000000;4.30;3.50
0.07376761831278600000000000000000000;-0.01914667615576880000000000000000000;3.30;3.50
0.12654636059687600000000000000000000;-0.02150132345982510000000000000000000;3.40;3.50
0.01662792566844470000000000000000000;-0.01977661575151360000000000000000000;3.10;3.50
0.04391550925925000000000000000000000;0.00000000000000000000000000000000000;3.70;3.50
0.12450234696507300000000000000000000;0.03849332129021080000000000000000000;3.90;3.50
0.01927443415638660000000000000000000;-0.02622551219222550000000000000000000;3.40;3.50
0.08936776620362250000000000000000000;-0.02173820135262390000000000000000000;3.80;3.50
0.06426832561737680000000000000000000;-0.02213258734422120000000000000000000;3.40;3.50
0.10255603780842600000000000000000000;0.00842832017356021000000000000000000;3.90;3.50
0.04705668081328440000000000000000000;-0.04322886625092210000000000000000000;3.40;3.50
0.00062091692393551100000000000000000;0.00864370834135819000000000000000000;3.20;3.50
0.06347643389926820000000000000000000;-0.01956281450014670000000000000000000;3.10;3.50
0.09353681198535920000000000000000000;-0.04731701406598800000000000000000000;3.20;3.50
0.00050511188260316000000000000000000;-0.03485957120523020000000000000000000;3.00;3.50
0.00241499485605345000000000000000000;-0.01656442900635910000000000000000000;3.40;3.50
0.00001630015435694080000000000000000;-0.01194867430034670000000000000000000;3.60;3.50
0.00771093749995089000000000000000000;-0.00324963696015679000000000000000000;3.90;3.50
0.01166306584354970000000000000000000;0.03616709542831930000000000000000000;3.10;3.50
0.00000318287015943497000000000000000;-0.00835454825429960000000000000000000;3.00;3.50
0.00805561985589520000000000000000000;-0.00381750362068156000000000000000000;3.70;3.50
0.01341390174889060000000000000000000;0.00375427456693722000000000000000000;3.40;3.50
0.00007069830235195700000000000000000;0.00806893859322788000000000000000000;3.00;3.50
0.00184522890958760000000000000000000;-0.02674490601926570000000000000000000;4.60;3.50
0.00236384387858379000000000000000000;0.01203065131730230000000000000000000;3.00;3.50
0.00080410879650116800000000000000000;0.00000000000000000000000000000000000;3.10;3.50
0.01023540380674600000000000000000000;-0.02970855299129550000000000000000000;3.10;3.50
0.00355449459857482000000000000000000;-0.04491338647961450000000000000000000;3.60;3.50
0.00163551311720767000000000000000000;-0.01784649607163380000000000000000000;3.20;3.50
0.00000987011299002916000000000000000;-0.00898044834374057000000000000000000;3.70;3.50
0.00652375900176594000000000000000000;-0.04112637139235440000000000000000000;3.40;3.50
0.01047254372429050000000000000000000;-0.02902552928342540000000000000000000;3.90;3.50
0.00508899176975319000000000000000000;-0.00681524201091110000000000000000000;3.00;3.50
0.00389927340552276000000000000000000;-0.00476388137755257000000000000000000;3.10;3.50
0.03383092206786390000000000000000000;-0.00556702150827171000000000000000000;3.40;3.50
0.03045772247946840000000000000000000;-0.02701239500318860000000000000000000;3.50;3.50
0.22734162808660600000000000000000000;-0.00786423442530870000000000000000000;3.90;3.50
0.22901675025718800000000000000000000;-0.01154956603884230000000000000000000;3.50;3.50
0.32400562628595300000000000000000000;0.00000000000000166533453693773000000;3.50;3.50
0.27317714763376000000000000000000000;-0.01559629684346930000000000000000000;3.30;3.50
0.09368248456803490000000000000000000;-0.01135746927812780000000000000000000;3.50;3.50
0.64740554269565100000000000000000000;-0.00717664185579281000000000000000000;3.00;3.50
0.24459085648118200000000000000000000;0.00000000000000155431223447522000000;3.50;3.50
0.01127388760278340000000000000000000;0.00000000000000088817841970012500000;3.10;3.50
0.06052282664563790000000000000000000;-0.00828174069228182000000000000000000;3.20;3.50
0.07096296296299440000000000000000000;0.02135426411687050000000000000000000;3.00;3.50
0.08375160751006660000000000000000000;0.01811182859241530000000000000000000;3.00;3.50
0.09872662680049870000000000000000000;0.00499510583712848000000000000000000;3.60;3.50
0.33897871656336100000000000000000000;-0.00994263923771288000000000000000000;3.50;3.50
0.02818184156399180000000000000000000;0.01498600696698650000000000000000000;3.50;3.50
0.19666094392982800000000000000000000;0.00000000000000000000000000000000000;3.20;3.50
0.03045942644007480000000000000000000;0.00000000000000000000000000000000000;3.20;3.50
0.00875090020599600000000000000000000;0.00644889644071034000000000000000000;4.20;3.50
0.00400379372422321000000000000000000;-0.02741758092823860000000000000000000;3.10;3.50
0.00609873328176036000000000000000000;-0.02622551219222390000000000000000000;3.50;3.50
0.03537696116245570000000000000000000;-0.03225022885873610000000000000000000;3.20;3.50
0.09146868569928300000000000000000000;0.08772807919606840000000000000000000;3.00;3.50
0.12825659079248900000000000000000000;-0.02350078365277230000000000000000000;3.10;3.50
0.09011223636821340000000000000000000;-0.02378566243810790000000000000000000;3.00;3.50
0.02976877571995830000000000000000000;-0.03446781602406520000000000000000000;3.30;3.50
0.00564342206803303000000000000000000;-0.02593964353610300000000000000000000;3.20;3.50
0.07995241769572200000000000000000000;0.00000000000000000000000000000000000;3.20;3.50
0.00363335905331041000000000000000000;0.00000000000000000000000000000000000;3.20;3.50
0.03367248585391280000000000000000000;0.00000000000000000000000000000000000;3.80;3.50
0.01073977623445900000000000000000000;-0.00289978154147219000000000000000000;4.10;3.50
0.03041213348751630000000000000000000;-0.00418589021805105000000000000000000;3.80;3.50
0.04115975437275670000000000000000000;-0.00742130010087527000000000000000000;3.10;3.50
0.00663660622421958000000000000000000;-0.00579967925621105000000000000000000;3.90;3.50
0.01688940329222530000000000000000000;-0.00143133109848803000000000000000000;3.50;3.50
0.01035464891970150000000000000000000;0.01378887737818290000000000000000000;4.30;3.50
0.01594646990724870000000000000000000;-0.00119375950210354000000000000000000;4.10;3.50
0.02546534207817790000000000000000000;0.00724762301039572000000000000000000;3.50;3.50
0.02823910108054410000000000000000000;0.01237052461897430000000000000000000;4.30;3.50
0.02099115869373240000000000000000000;0.00000000000000000000000000000000000;3.60;3.50
0.01153697273684880000000000000000000;0.01318511098504860000000000000000000;3.40;3.50
0.00309474665641574000000000000000000;0.01366811156066320000000000000000000;4.20;3.50
0.00696325231479022000000000000000000;0.01168012986193940000000000000000000;3.90;3.50
0.01187921167661440000000000000000000;-0.00971608626471188000000000000000000;3.40;3.50
0.01926691100788960000000000000000000;0.00000000000000000000000000000000000;3.90;3.50
0.01419196887877660000000000000000000;-0.00382854192587245000000000000000000;4.10;3.50
0.01257410622429230000000000000000000;0.00646297197165441000000000000000000;4.00;3.50
0.01257584233553640000000000000000000;0.00318158240061189000000000000000000;4.20;3.50
0.00205905992766020000000000000000000;-0.00423278654909237000000000000000000;3.50;3.50
0.00071968235647546000000000000000000;0.00745697942828327000000000000000000;3.50;3.50
0.00040959362127068700000000000000000;0.00338798482866087000000000000000000;3.70;3.50
0.00369917052489654000000000000000000;0.00227417411243369000000000000000000;3.20;3.50
0.00019981352897957500000000000000000;0.00933679782961527000000000000000000;3.10;3.50
0.03354169881708910000000000000000000;0.03607576437925800000000000000000000;3.20;3.40
0.03199427726326580000000000000000000;0.00659180501947687000000000000000000;4.00;3.40
0.00135661008221177000000000000000000;0.02233381751672690000000000000000000;3.20;3.40
0.03019576260271610000000000000000000;-0.00000000000000088817841970012500000;4.10;3.40
0.32419704861104000000000000000000000;0.03066281487016100000000000000000000;3.50;3.40
0.31749154449585100000000000000000000;-0.01471062687452900000000000000000000;3.10;3.40
0.00082886445466101600000000000000000;-0.00857882589094694000000000000000000;3.20;3.40
0.02289863040118690000000000000000000;0.00000000000000000000000000000000000;4.00;3.40
0.07037522505129350000000000000000000;0.01620582424137540000000000000000000;4.50;3.40
0.09856822273627590000000000000000000;-0.03005914188145440000000000000000000;3.10;3.40
0.02008487654302370000000000000000000;-0.02437118304732170000000000000000000;3.20;3.40
0.01048244598769090000000000000000000;-0.01355475911058690000000000000000000;3.60;3.40
0.02323865097719140000000000000000000;0.02154494989002790000000000000000000;3.00;3.40
0.03858661265417140000000000000000000;0.01339918801379860000000000000000000;3.40;3.40
0.01227954603905350000000000000000000;0.02154494989002960000000000000000000;3.00;3.40
0.01709513245896230000000000000000000;0.01339918801379820000000000000000000;3.40;3.40
0.03528051054536260000000000000000000;-0.00442597613125451000000000000000000;3.10;3.40
0.07571068029847080000000000000000000;0.07144238230443170000000000000000000;5.70;3.40
0.00566853137866019000000000000000000;0.00857882589094705000000000000000000;3.20;3.40
0.10616296939292600000000000000000000;0.12061948653067800000000000000000000;3.10;3.40
0.03000093235596070000000000000000000;-0.02560899924737800000000000000000000;3.10;3.40
0.01511741255148990000000000000000000;-0.00886604772789501000000000000000000;3.10;3.40
0.03200572273635770000000000000000000;0.02626357534489830000000000000000000;3.80;3.40
0.52304301697540700000000000000000000;0.00000000000000000000000000000000000;3.10;3.40
0.14090068801442600000000000000000000;-0.01182719177296580000000000000000000;3.00;3.40
0.34518672839499200000000000000000000;-0.02876376381379830000000000000000000;3.20;3.40
0.35941608796315400000000000000000000;0.01784649607163380000000000000000000;3.10;3.40
0.10039107510260700000000000000000000;-0.02660031534727890000000000000000000;3.40;3.40
0.01004452803499590000000000000000000;-0.02215034759792260000000000000000000;3.00;3.40
0.16629626414578500000000000000000000;0.00000000000000000000000000000000000;3.30;3.40
0.02419534465025210000000000000000000;-0.01999636941662760000000000000000000;3.50;3.40
0.01416531635800310000000000000000000;-0.02538175283616820000000000000000000;3.00;3.40
0.14864882330266500000000000000000000;0.02308112680182980000000000000000000;3.30;3.40
0.00056008873457358300000000000000000;-0.00423272466865998000000000000000000;3.20;3.40
0.01438557741789740000000000000000000;0.01335859128291560000000000000000000;3.20;3.40
0.00007957175898809510000000000000000;-0.01459028696846330000000000000000000;3.00;3.40
0.00058214377554577400000000000000000;-0.01520718811923860000000000000000000;3.20;3.40
0.03775462962971690000000000000000000;0.00000000000000000000000000000000000;3.60;3.40
0.00178616898142536000000000000000000;0.02497859366774760000000000000000000;3.00;3.40
0.00128292181079814000000000000000000;0.01717937032845150000000000000000000;3.30;3.40
0.00093589248990610900000000000000000;-0.01039977207622630000000000000000000;3.60;3.40
0.00289519032935459000000000000000000;-0.03163874321781730000000000000000000;3.30;3.40
0.00437972608028758000000000000000000;-0.01025730944504510000000000000000000;3.40;3.40
0.00082899305539285700000000000000000;0.05829143158800190000000000000000000;3.20;3.40
0.00011998456807305000000000000000000;-0.04697106661294410000000000000000000;3.40;3.40
0.00161136831275144000000000000000000;0.02094499551016220000000000000000000;3.60;3.40
0.02047016460915070000000000000000000;-0.03479923733199160000000000000000000;3.50;3.40
0.01031754758218990000000000000000000;-0.01434498701579860000000000000000000;3.30;3.40
0.00867158564824422000000000000000000;-0.02772829892438940000000000000000000;3.30;3.40
0.03680507330250290000000000000000000;0.00659180501947643000000000000000000;3.70;3.40
0.00131356095698720000000000000000000;0.00000000000000000000000000000000000;3.60;3.40
0.02627369470155830000000000000000000;-0.00000000000000288657986402541000000;3.40;3.40
0.20767595807637900000000000000000000;-0.02538175283616790000000000000000000;3.40;3.40
0.06045042438245220000000000000000000;0.01107809305163520000000000000000000;3.10;3.40
0.00202263374490030000000000000000000;-0.01325442476662540000000000000000000;3.20;3.40
0.03778060699596610000000000000000000;0.04772466834101640000000000000000000;3.50;3.40
0.36223225308640400000000000000000000;0.01977661575151380000000000000000000;3.10;3.40
0.06298839377586770000000000000000000;0.02936406233287550000000000000000000;3.00;3.40
0.03521460262368240000000000000000000;-0.00454853877150496000000000000000000;3.80;3.40
0.03439631558671860000000000000000000;0.00803951280827842000000000000000000;3.10;3.40
0.00911056455765902000000000000000000;0.00000000000000000000000000000000000;4.00;3.40
0.07893553883741330000000000000000000;-0.00354796428764725000000000000000000;3.90;3.40
0.03558182227357070000000000000000000;0.02270570183758490000000000000000000;4.10;3.40
0.03433622685201950000000000000000000;-0.00410227785173112000000000000000000;3.60;3.40
0.00793933256181845000000000000000000;0.00431618447528503000000000000000000;3.50;3.40
0.00844499099798668000000000000000000;0.01930012943971930000000000000000000;3.80;3.40
0.01583841306592150000000000000000000;0.00000000000000000000000000000000000;4.10;3.40
0.06693312757192870000000000000000000;-0.00126388010564926000000000000000000;3.50;3.40
0.00227543081291515000000000000000000;0.01172113655454780000000000000000000;3.70;3.40
0.01266467335381090000000000000000000;-0.00154005135426771000000000000000000;3.20;3.40
0.00152340534964424000000000000000000;0.00479742044962672000000000000000000;3.80;3.40
0.02915743955759350000000000000000000;0.00211397236128952000000000000000000;3.80;3.40
0.02406468621438760000000000000000000;-0.00247005233587694000000000000000000;3.20;3.40
0.00836506558653127000000000000000000;-0.01047249775508210000000000000000000;3.10;3.40
0.03345174254104680000000000000000000;0.00989591231657416000000000000000000;3.30;3.40
0.00001797196500774590000000000000000;-0.00115020520658726000000000000000000;4.00;3.40
0.08043891460897610000000000000000000;0.00272798041396505000000000000000000;3.50;3.40
0.00399662422842084000000000000000000;-0.00764818402901013000000000000000000;3.00;3.30
0.07061815200631830000000000000000000;0.00000000000000000000000000000000000;3.60;3.30
0.08520704732495690000000000000000000;0.00711864807735452000000000000000000;3.40;3.30
0.43300135030881400000000000000000000;-0.01063508869387950000000000000000000;3.30;3.30
0.21267955889925400000000000000000000;-0.00427034888793698000000000000000000;3.00;3.30
0.07321604938238120000000000000000000;0.03043713829918700000000000000000000;3.10;3.30
0.14687763631718600000000000000000000;0.00922303945598035000000000000000000;3.20;3.30
0.01600527263349250000000000000000000;-0.01377138768084950000000000000000000;3.30;3.30
0.01698083847759340000000000000000000;-0.00480882365470148000000000000000000;3.10;3.30
0.04560146604922010000000000000000000;-0.01415931409439230000000000000000000;3.30;3.30
0.00162953317908432000000000000000000;0.04656714223405570000000000000000000;3.70;3.30
0.05660818544242830000000000000000000;-0.00545596082792965000000000000000000;3.40;3.30
0.03138859953696740000000000000000000;0.00000000000000000000000000000000000;3.10;3.30
0.00490387088461830000000000000000000;0.05552015072910050000000000000000000;3.00;3.30
0.00037004886848990300000000000000000;-0.02437118304731970000000000000000000;3.30;3.30
0.10742062114195500000000000000000000;0.00812311989195158000000000000000000;3.70;3.30
0.02760792824051350000000000000000000;-0.00401707934274909000000000000000000;3.10;3.30
0.45021595293224000000000000000000000;-0.01184697975658170000000000000000000;3.30;3.30
0.14962721836445800000000000000000000;-0.00905534782950901000000000000000000;3.10;3.30
0.00671363811716219000000000000000000;0.10932850779151800000000000000000000;3.20;3.30
0.00239904835393645000000000000000000;0.01255367775410200000000000000000000;3.00;3.30
0.12463425925921000000000000000000000;-0.01255367775410600000000000000000000;3.30;3.30
0.00872926311717492000000000000000000;0.00617667655454279000000000000000000;3.20;3.30
0.22435651363161900000000000000000000;0.01296865987527500000000000000000000;3.10;3.30
0.00467460776758344000000000000000000;-0.02044700950580360000000000000000000;4.30;3.30
0.21290142746897800000000000000000000;-0.02037506365954520000000000000000000;3.20;3.30
0.07685143389926450000000000000000000;-0.01956281450014450000000000000000000;3.00;3.30
0.04929237397118410000000000000000000;-0.01468054226762990000000000000000000;3.10;3.30
0.11164908050432100000000000000000000;-0.01434498701579700000000000000000000;3.30;3.30
0.00110960005144989000000000000000000;-0.02021980640805920000000000000000000;3.10;3.30
0.00831745113146098000000000000000000;-0.00617667655454679000000000000000000;3.40;3.30
0.32078960905346300000000000000000000;-0.00568150813583723000000000000000000;3.70;3.30
0.06472559799385640000000000000000000;0.00000000000000000000000000000000000;4.10;3.30
0.01997691615247280000000000000000000;-0.00348830909159370000000000000000000;3.30;3.30
0.03533429783988140000000000000000000;-0.00000000000000099920072216264100000;3.50;3.30
0.00397389403292436000000000000000000;0.01704541637068550000000000000000000;3.00;3.30
0.00644720936202248000000000000000000;0.01165953828133600000000000000000000;3.30;3.30
0.01111291152278680000000000000000000;0.00000000000000000000000000000000000;3.10;3.30
0.00059673996906894900000000000000000;-0.01355475911058690000000000000000000;3.20;3.30
0.00430867412569569000000000000000000;-0.02044700950580050000000000000000000;3.10;3.30
0.00051983667685817600000000000000000;0.03005914188145290000000000000000000;3.10;3.30
0.00067898019551648800000000000000000;0.00875381927564134000000000000000000;3.00;3.30
0.00778986625527978000000000000000000;0.03810102047666160000000000000000000;3.10;3.30
0.01313975694461080000000000000000000;-0.00864370834135819000000000000000000;3.20;3.30
0.00736831275730765000000000000000000;0.02626357534489830000000000000000000;3.00;3.30
0.00013760288061348500000000000000000;-0.02593318960409660000000000000000000;3.50;3.30
0.00120225694467990000000000000000000;0.02123897114158660000000000000000000;3.10;3.30
0.01865901491760270000000000000000000;-0.00000000000000444089209850063000000;3.60;3.30
0.03748781507215430000000000000000000;0.01434498701579860000000000000000000;3.10;3.30
0.02547299382740680000000000000000000;0.00000000000000000000000000000000000;3.40;3.30
0.00639287551484813000000000000000000;-0.00697057142243218000000000000000000;3.00;3.30
0.00894495884767821000000000000000000;-0.00631058532262552000000000000000000;3.80;3.30
0.01844454089496140000000000000000000;-0.01241976898602300000000000000000000;3.30;3.30
0.00049029063779926200000000000000000;-0.00585997519839432000000000000000000;4.30;3.30
0.05908481224287240000000000000000000;-0.01484327658710580000000000000000000;3.20;3.30
0.02044142232489320000000000000000000;0.00717664185579059000000000000000000;3.80;3.30
0.12400720164623600000000000000000000;-0.00360290759833437000000000000000000;3.30;3.30
0.13118553883737100000000000000000000;0.04526730059445850000000000000000000;3.30;3.30
0.05914020704699400000000000000000000;0.00000000000000000000000000000000000;4.10;3.30
0.09742332175937920000000000000000000;-0.00700474970811849000000000000000000;3.20;3.30
0.02577610596722480000000000000000000;0.00000000000000000000000000000000000;3.20;3.30
0.02075096450607820000000000000000000;0.00000000000000000000000000000000000;3.60;3.30
0.04259635416678980000000000000000000;-0.00729759513885253000000000000000000;3.80;3.30
0.18382786779852700000000000000000000;-0.01434498701579860000000000000000000;4.00;3.30
0.08810214120376260000000000000000000;-0.00697057142243507000000000000000000;3.20;3.30
0.00458304398148357000000000000000000;0.02044700950579910000000000000000000;3.40;3.30
0.09695097093640470000000000000000000;0.02091305691347830000000000000000000;3.00;3.30
0.03785153035005350000000000000000000;-0.01402080651826630000000000000000000;3.30;3.30
0.00279504243803785000000000000000000;0.00000000000000000000000000000000000;3.40;3.30
0.20387297453703500000000000000000000;-0.00592812560610556000000000000000000;3.90;3.30
0.00082028034989889400000000000000000;-0.00239313669598151000000000000000000;3.10;3.30
0.05100633359074890000000000000000000;0.01591076595971260000000000000000000;4.50;3.30
0.00150839120374258000000000000000000;0.00770058445577904000000000000000000;4.20;3.30
0.03728690843604450000000000000000000;0.00361514402410046000000000000000000;3.90;3.30
0.01811316872431230000000000000000000;0.01903909641263960000000000000000000;3.40;3.30
0.01352260159455910000000000000000000;0.00198798169872338000000000000000000;3.50;3.30
0.00099755658447975300000000000000000;0.00240473135051600000000000000000000;4.60;3.30
0.01165377443408030000000000000000000;0.02435688391836850000000000000000000;3.10;3.30
0.00072241512361870300000000000000000;-0.00578760925793731000000000000000000;3.30;3.30
0.02476202417710740000000000000000000;0.00690645525462208000000000000000000;4.10;3.30
0.00927208719122063000000000000000000;0.00480890352620378000000000000000000;3.60;3.30
0.03252893518515520000000000000000000;0.01008761404812210000000000000000000;3.00;3.30
0.16911072530865600000000000000000000;-0.00705023509583258000000000000000000;4.00;3.20
0.17839773019522900000000000000000000;0.04062471768158900000000000000000000;4.00;3.20
0.01568396347761340000000000000000000;-0.01538796307632780000000000000000000;3.00;3.20
0.10182754629636300000000000000000000;0.01241976898602150000000000000000000;3.80;3.20
0.01767197145090900000000000000000000;0.00434711805236321000000000000000000;3.10;3.20
0.04556774048342050000000000000000000;-0.00673168227394094000000000000000000;4.40;3.20
0.04468663194438700000000000000000000;0.03314668390829430000000000000000000;3.70;3.20
0.12266261574086500000000000000000000;0.02225059253197680000000000000000000;3.50;3.20
0.08672492283949400000000000000000000;-0.00753996565744719000000000000000000;3.20;3.20
0.05949109439279710000000000000000000;0.00363243962782889000000000000000000;3.40;3.20
0.00616875643004278000000000000000000;0.00000000000000000000000000000000000;3.50;3.20
0.01088390560698830000000000000000000;-0.00873339933042161000000000000000000;3.50;3.20
0.13295913708839200000000000000000000;0.00905534782950812000000000000000000;3.30;3.20
0.02035117669765900000000000000000000;0.03525117547916030000000000000000000;3.00;3.20
0.10693106995881900000000000000000000;0.01722115160343930000000000000000000;3.10;3.20
0.07267573302465280000000000000000000;0.00631058532262863000000000000000000;3.00;3.20
0.07524627057614450000000000000000000;-0.01228799145242920000000000000000000;3.00;3.20
0.07494081147115140000000000000000000;-0.00644889644071189000000000000000000;3.70;3.20
0.09565207047330660000000000000000000;0.00000000000000000000000000000000000;3.30;3.20
0.03127780992781480000000000000000000;-0.01418150737667180000000000000000000;3.00;3.20
0.00826244212953497000000000000000000;0.00822340532271659000000000000000000;3.30;3.20
0.04909606481487570000000000000000000;-0.01485275245907160000000000000000000;3.70;3.20
0.02698016332283260000000000000000000;-0.00551107154336217000000000000000000;4.40;3.20
0.01371383101832180000000000000000000;-0.00423272466866009000000000000000000;3.10;3.20
0.00033127572032754000000000000000000;0.00000000000000111022302462516000000;3.40;3.20
0.00490544624494760000000000000000000;0.01762558773958110000000000000000000;3.00;3.20
0.17465663580264800000000000000000000;0.02812579910186910000000000000000000;3.30;3.20
0.01833076131674720000000000000000000;-0.00873339933042161000000000000000000;3.10;3.20
0.10040567129635700000000000000000000;0.00835454825429960000000000000000000;3.00;3.20
0.15591718107043600000000000000000000;0.00000000000000099920072216264100000;3.50;3.20
0.07024935699564590000000000000000000;0.00873339933042350000000000000000000;3.40;3.20
0.00324193029837261000000000000000000;0.02253780472367060000000000000000000;3.60;3.20
0.01515772890934390000000000000000000;0.02295425380038390000000000000000000;3.30;3.20
0.02073865097713680000000000000000000;-0.01241976898602150000000000000000000;3.10;3.20
0.00591705246938545000000000000000000;-0.01739752761700530000000000000000000;3.40;3.20
0.09564287551393140000000000000000000;-0.00864370834135819000000000000000000;3.00;3.20
0.07761715534957150000000000000000000;0.07385960576586090000000000000000000;3.00;3.20
0.01960432741771000000000000000000000;0.04986159378911960000000000000000000;3.00;3.20
0.54660426311738800000000000000000000;0.01025730944504510000000000000000000;4.20;3.20
0.18378031764405000000000000000000000;0.00971576022154608000000000000000000;3.50;3.20
0.15706725823020000000000000000000000;0.00971576022155052000000000000000000;3.30;3.20
0.04481327160510770000000000000000000;-0.01807752588675070000000000000000000;3.50;3.20
0.01673829732544620000000000000000000;0.04067443324518290000000000000000000;3.40;3.20
0.00002575231474111210000000000000000;0.01418150737667490000000000000000000;3.20;3.20
0.00862040252081897000000000000000000;0.00000000000000000000000000000000000;3.00;3.20
0.01992515432084470000000000000000000;0.00652456292389536000000000000000000;3.50;3.20
0.02607227366274860000000000000000000;0.00723534722616459000000000000000000;3.40;3.20
0.00272212577169739000000000000000000;0.01893043562363850000000000000000000;3.00;3.20
0.00883564814853344000000000000000000;0.01831353447286220000000000000000000;3.70;3.20
0.00272800925927186000000000000000000;0.00378569109050919000000000000000000;3.00;3.20
0.00250681584338963000000000000000000;0.01941380046415210000000000000000000;3.20;3.20
0.00343897890934386000000000000000000;0.00000000000000000000000000000000000;3.50;3.20
0.00024205889917539000000000000000000;0.01053908177788920000000000000000000;3.20;3.20
0.01077128343604270000000000000000000;0.02681161142753740000000000000000000;3.60;3.20
0.00451826131666166000000000000000000;0.02215034759792260000000000000000000;3.50;3.20
0.00977041538067169000000000000000000;0.00000000000000177635683940025000000;3.50;3.20
0.00913802083323390000000000000000000;-0.01761986700354010000000000000000000;3.30;3.20
0.00432372042200768000000000000000000;0.02660031534727890000000000000000000;3.20;3.20
0.00579484953709652000000000000000000;0.00000000000000000000000000000000000;3.10;3.20
0.00003568672832443550000000000000000;-0.01025730944504730000000000000000000;3.10;3.20
0.02109767232536800000000000000000000;-0.02280599075267610000000000000000000;3.10;3.20
0.02535458461943560000000000000000000;0.03253954659614690000000000000000000;3.60;3.20
0.00699713863150464000000000000000000;0.01311156845404390000000000000000000;3.10;3.20
0.01602591306573230000000000000000000;0.04515836858768260000000000000000000;3.40;3.20
0.00002829218124134060000000000000000;-0.00504336772927250000000000000000000;4.50;3.20
0.01101893647114590000000000000000000;-0.00514201375684475000000000000000000;3.10;3.20
0.01880137602870490000000000000000000;0.02150132345982510000000000000000000;3.50;3.20
0.14736529063816300000000000000000000;0.00551107154336461000000000000000000;3.20;3.20
0.48469621270601200000000000000000000;0.06608491042208530000000000000000000;3.00;3.20
0.00272193287037226000000000000000000;-0.00354491381989608000000000000000000;3.90;3.20
0.01942081404286000000000000000000000;-0.00330051132283027000000000000000000;3.70;3.20
0.29142168209887100000000000000000000;0.00330051132283027000000000000000000;3.20;3.20
0.02411355452682070000000000000000000;0.00667898748005735000000000000000000;3.30;3.20
0.02096023019566930000000000000000000;0.03671571706911500000000000000000000;3.50;3.20
0.04200507973268940000000000000000000;0.01739961866599880000000000000000000;3.00;3.20
0.08403414351869290000000000000000000;0.03978027130281530000000000000000000;3.10;3.20
0.09116711676961130000000000000000000;0.01934783851662920000000000000000000;3.30;3.20
0.20668380272650200000000000000000000;0.01853108388390680000000000000000000;3.60;3.20
0.00954079861139689000000000000000000;0.01956046489475450000000000000000000;3.50;3.20
0.03458365483538730000000000000000000;-0.01340456439714970000000000000000000;3.00;3.20
0.04357211291130620000000000000000000;-0.01255367775410490000000000000000000;3.50;3.20
0.10310754243801100000000000000000000;-0.01268976396397890000000000000000000;3.10;3.20
0.00727472350831704000000000000000000;0.02565842383925650000000000000000000;3.20;3.20
0.03471968235589880000000000000000000;0.01999636941662650000000000000000000;3.50;3.20
0.18708796296277800000000000000000000;0.02067806382855840000000000000000000;3.20;3.20
0.06490923996921080000000000000000000;0.00000000000000000000000000000000000;3.60;3.20
0.00097299382719029400000000000000000;-0.00644889644071056000000000000000000;3.50;3.20
0.00214564043221799000000000000000000;0.01557280844461070000000000000000000;3.10;3.20
0.02761005015418050000000000000000000;-0.01370749240612310000000000000000000;3.30;3.20
0.06471630658393220000000000000000000;0.01588727253084830000000000000000000;5.20;3.20
0.16023601466054100000000000000000000;0.00000000000000088817841970012500000;4.00;3.20
0.02644692001035760000000000000000000;0.00978140725007393000000000000000000;4.00;3.20
0.02550032150224980000000000000000000;-0.00310487565257012000000000000000000;3.70;3.20
0.00253568672837901000000000000000000;0.00000000000000000000000000000000000;3.70;3.20
0.00448990483550915000000000000000000;0.01209523361262350000000000000000000;4.50;3.20
0.00406246785018993000000000000000000;0.00128863118480571000000000000000000;4.20;3.20
0.00502912808633482000000000000000000;0.00802268131594708000000000000000000;3.60;3.20
0.05651115612113240000000000000000000;0.01504050153777570000000000000000000;3.80;3.20
0.03869746656391730000000000000000000;0.00509719353740767000000000000000000;3.50;3.20
0.03116657021610080000000000000000000;0.01694798285903750000000000000000000;3.00;3.20
0.01949144804552820000000000000000000;0.00978140725007326000000000000000000;4.10;3.20
0.01844196887850560000000000000000000;0.01441998596458580000000000000000000;3.80;3.20
0.00480362654320743000000000000000000;-0.00227417411243402000000000000000000;3.20;3.20
0.00921453832302177000000000000000000;0.02136799279868330000000000000000000;3.40;3.20
0.03337194573032320000000000000000000;0.08081100106122800000000000000000000;3.20;3.10
0.00455176183118056000000000000000000;-0.00434711805236243000000000000000000;4.30;3.10
0.01418242026738880000000000000000000;0.00378569109050986000000000000000000;3.40;3.10
0.28611204346702800000000000000000000;0.00000000000000088817841970012500000;3.20;3.10
0.07296514917743480000000000000000000;0.02861611293085890000000000000000000;4.30;3.10
0.14154960776772900000000000000000000;0.03273952542994330000000000000000000;3.30;3.10
0.03794158307619000000000000000000000;0.02128894519133720000000000000000000;3.00;3.10
0.00425183256174932000000000000000000;0.02215788172975790000000000000000000;3.30;3.10
0.01493743569972140000000000000000000;-0.00631058532262863000000000000000000;3.20;3.10
0.00369441229418044000000000000000000;0.00666504729747097000000000000000000;3.00;3.10
0.14189679783930800000000000000000000;0.01228799145242920000000000000000000;3.00;3.10
0.12274009773659600000000000000000000;0.02538175283616820000000000000000000;3.10;3.10
0.06163728137858020000000000000000000;0.00000000000000000000000000000000000;3.00;3.10
0.02539136445466280000000000000000000;0.00721371473495447000000000000000000;3.30;3.10
0.06729996141984880000000000000000000;0.04966203337944570000000000000000000;3.20;3.10
0.16368267746906900000000000000000000;0.02164258215464950000000000000000000;3.00;3.10
0.00366383744881205000000000000000000;0.03005914188145600000000000000000000;3.10;3.10
0.01463162294248830000000000000000000;0.02755955439024800000000000000000000;3.00;3.10
0.01813110853913710000000000000000000;0.00000000000000000000000000000000000;3.50;3.10
0.00811583719109876000000000000000000;-0.00446621227790311000000000000000000;3.20;3.10
0.02744071502047520000000000000000000;-0.00405185925047868000000000000000000;3.40;3.10
0.06023096707826880000000000000000000;0.02989949814432810000000000000000000;3.20;3.10
0.31976051311721700000000000000000000;0.02597092602128400000000000000000000;3.20;3.10
0.05393245241748450000000000000000000;0.00897321188254407000000000000000000;3.10;3.10
0.00476729681076904000000000000000000;-0.00459026848500510000000000000000000;3.20;3.10
0.12530767746898200000000000000000000;-0.00574008038465923000000000000000000;3.30;3.10
0.04643872170822760000000000000000000;0.00624309243147869000000000000000000;3.30;3.10
0.02899572402270680000000000000000000;0.01893285639545740000000000000000000;3.30;3.10
0.01145007073046140000000000000000000;0.02139522211162980000000000000000000;3.60;3.10
0.01347199717088190000000000000000000;-0.00738294712877741000000000000000000;3.00;3.10
0.01117994470155280000000000000000000;0.00864370834136019000000000000000000;3.20;3.10
0.05216071887866750000000000000000000;0.02626357534490010000000000000000000;3.60;3.10
0.00151919367272058000000000000000000;0.00000000000000000000000000000000000;3.10;3.10
0.00250061085398556000000000000000000;0.01784649607163380000000000000000000;3.40;3.10
0.01282883230442170000000000000000000;0.00000000000000000000000000000000000;3.00;3.10
0.53267251800411900000000000000000000;0.00971576022154830000000000000000000;3.00;3.10
0.22590065586428000000000000000000000;-0.00998102780619603000000000000000000;3.30;3.10
0.00809400720163467000000000000000000;0.00946092893654593000000000000000000;3.40;3.10
0.06730015432094660000000000000000000;-0.00886604772789501000000000000000000;3.20;3.10
0.20322627314817500000000000000000000;0.00000000000000199840144432528000000;3.80;3.10
0.04940567129619920000000000000000000;0.03607576437925950000000000000000000;4.40;3.10
0.00011667309672702700000000000000000;0.00659180501947687000000000000000000;3.60;3.10
0.00027019032927455600000000000000000;0.03333137486210490000000000000000000;3.70;3.10
0.01060628858022030000000000000000000;0.01194867430034670000000000000000000;3.50;3.10
0.01734397505106240000000000000000000;0.00346051380002632000000000000000000;3.60;3.10
0.01269608410484580000000000000000000;0.03352072259210160000000000000000000;3.60;3.10
0.01080426954740690000000000000000000;0.00835454825430038000000000000000000;3.50;3.10
0.00206918724279603000000000000000000;0.06418587713979070000000000000000000;3.50;3.10
0.00571765689323911000000000000000000;0.05611039817871320000000000000000000;3.30;3.10
0.00954356352849572000000000000000000;-0.00697057142243351000000000000000000;3.40;3.10
0.00030025077148820900000000000000000;0.03692226772625000000000000000000000;3.00;3.10
0.00009069573047781890000000000000000;0.03566338867291270000000000000000000;3.00;3.10
0.00061664094641855600000000000000000;0.03615956720396760000000000000000000;3.30;3.10
0.00479954346701561000000000000000000;0.14416254821078300000000000000000000;3.40;3.10
0.00363487011304642000000000000000000;0.04369819207156800000000000000000000;3.10;3.10
0.00702170138902147000000000000000000;0.01132036497506260000000000000000000;3.20;3.10
0.00090226337420062900000000000000000;0.02094499551016440000000000000000000;3.40;3.10
0.00208072916666424000000000000000000;-0.01054522343393800000000000000000000;3.10;3.10
0.00034159593610638700000000000000000;0.02037506365954740000000000000000000;3.90;3.10
0.00047585519564563600000000000000000;0.04189605266286470000000000000000000;3.20;3.10
0.00924810313790658000000000000000000;0.05581043511659310000000000000000000;3.10;3.10
0.00171289866239022000000000000000000;0.02280599075268100000000000000000000;3.70;3.10
0.00126366383733512000000000000000000;0.03446781602406970000000000000000000;3.80;3.10
0.00402054398159635000000000000000000;0.03155842939071470000000000000000000;3.30;3.10
0.00127273019552376000000000000000000;0.00000000000000000000000000000000000;3.20;3.10
0.09198447145058710000000000000000000;0.03012099053773330000000000000000000;3.30;3.10
0.01447710905335950000000000000000000;0.01415931409439450000000000000000000;4.20;3.10
0.14332953960911300000000000000000000;0.00476388137755257000000000000000000;3.60;3.10
0.03198890817907340000000000000000000;0.03707934543253800000000000000000000;3.00;3.10
0.16507516718138500000000000000000000;0.01367856635915750000000000000000000;3.70;3.10
0.04424090149154840000000000000000000;0.00000000000000000000000000000000000;3.10;3.10
0.15125488683111100000000000000000000;0.00327492596373924000000000000000000;3.40;3.10
0.05662319958855730000000000000000000;0.02543218255021760000000000000000000;3.00;3.10
0.36588512731464100000000000000000000;0.00773206241816160000000000000000000;3.00;3.10
0.09734918338472200000000000000000000;0.04917283536042150000000000000000000;3.50;3.10
0.06179128086409950000000000000000000;0.02565842383925650000000000000000000;3.20;3.10
0.03251208847746060000000000000000000;0.04067443324518490000000000000000000;3.10;3.10
0.03674954989719480000000000000000000;0.02457806915128910000000000000000000;3.60;3.10
0.02745585776756340000000000000000000;0.01468054226762840000000000000000000;3.30;3.10
0.05390483539076740000000000000000000;0.04617697840544930000000000000000000;3.10;3.10
0.10879185956787300000000000000000000;0.00773977904732148000000000000000000;3.50;3.10
0.07414666923887130000000000000000000;-0.00598366604992018000000000000000000;3.80;3.10
0.00750250771625360000000000000000000;0.05503281055881600000000000000000000;3.70;3.10
0.09792827289106750000000000000000000;0.00644889644071056000000000000000000;3.20;3.10
0.02361152906360080000000000000000000;0.03005914188145290000000000000000000;3.00;3.10
0.03807188785981450000000000000000000;0.03760125384443750000000000000000000;3.00;3.10
0.12135699588475300000000000000000000;0.00000000000000000000000000000000000;3.30;3.10
0.14307404192413700000000000000000000;0.02836579353406180000000000000000000;3.80;3.10
0.03486175411535440000000000000000000;0.02593964353610570000000000000000000;3.00;3.10
0.04921920010292520000000000000000000;0.00471956620194836000000000000000000;4.40;3.10
0.06738766718126500000000000000000000;0.02359612151749060000000000000000000;4.40;3.10
0.01388229809640510000000000000000000;0.00000000000000000000000000000000000;3.90;3.10
0.00368846450601268000000000000000000;-0.00120503463347221000000000000000000;3.70;3.10
0.00048144933111871100000000000000000;0.00132060597793349000000000000000000;3.40;3.10
0.00129218106985718000000000000000000;0.01322097935708700000000000000000000;4.40;3.10
0.02026736111110950000000000000000000;0.01115979242222340000000000000000000;3.30;3.10
0.01129015560718470000000000000000000;0.01130621893947840000000000000000000;3.70;3.10
0.00622331532917997000000000000000000;0.01002011026290010000000000000000000;3.70;3.10
0.02234969778805860000000000000000000;0.01813922392731800000000000000000000;3.90;3.10
0.01157114840520990000000000000000000;0.01457494457792360000000000000000000;3.80;3.10
0.02687374614197320000000000000000000;0.00536386762334207000000000000000000;4.20;3.10
0.04637133487653950000000000000000000;-0.00136057168516046000000000000000000;3.70;3.10
0.14577690972191700000000000000000000;0.01279451569663000000000000000000000;3.00;3.10
0.29462561085347300000000000000000000;0.00773977904731948000000000000000000;3.90;3.00
0.03077777777753000000000000000000000;0.01956046489475160000000000000000000;3.50;3.00
0.02300099665603740000000000000000000;0.03225022885873160000000000000000000;3.20;3.00
0.07389924125573090000000000000000000;0.01934783851662770000000000000000000;3.60;3.00
0.26923572530836300000000000000000000;0.01325685231695050000000000000000000;3.00;3.00
0.18894190457831400000000000000000000;0.02153277217032250000000000000000000;3.30;3.00
0.23512143132711600000000000000000000;0.01546495083782720000000000000000000;3.20;3.00
0.23001668595679800000000000000000000;0.04106803611378070000000000000000000;3.00;3.00
0.06137882587427160000000000000000000;0.01117012556335560000000000000000000;4.00;3.00
0.00201099537025584000000000000000000;0.00948344757950115000000000000000000;3.50;3.00
0.11583590534974100000000000000000000;0.05913595886482300000000000000000000;3.70;3.00
0.01796405606978620000000000000000000;0.07923635867601650000000000000000000;3.50;3.00
0.30862815072032400000000000000000000;0.02381196271092630000000000000000000;3.20;3.00
0.00360535622417046000000000000000000;0.01853108388390810000000000000000000;3.00;3.00
0.00804619984592136000000000000000000;0.03225022885873450000000000000000000;3.10;3.00
0.01746440972237910000000000000000000;0.00651976343456284000000000000000000;3.50;3.00
0.07094209747924650000000000000000000;0.01228799145242920000000000000000000;3.50;3.00
0.08142560442411200000000000000000000;0.00000000000000000000000000000000000;3.20;3.00
0.07128922325114220000000000000000000;0.01311156845404260000000000000000000;3.10;3.00
0.07900517618327290000000000000000000;0.08675745689259260000000000000000000;3.70;3.00
0.35884944058648200000000000000000000;0.01956046489475450000000000000000000;3.20;3.00
0.31850491898148900000000000000000000;0.03692226772625020000000000000000000;3.60;3.00
0.01980581275711300000000000000000000;0.03485957120523020000000000000000000;5.30;3.00
0.01892039609060700000000000000000000;0.05110377510292350000000000000000000;3.20;3.00
0.09660419881697630000000000000000000;0.06707250685764320000000000000000000;3.80;3.00
0.08644167952684260000000000000000000;0.00000000000000000000000000000000000;3.70;3.00
0.02400344007173770000000000000000000;0.00000000000000000000000000000000000;5.40;3.00
0.07582703189336830000000000000000000;0.00000000000000000000000000000000000;3.20;3.00
0.06099627057596990000000000000000000;0.01236883350145900000000000000000000;3.80;3.00
0.02788487011321190000000000000000000;0.00419559550490001000000000000000000;3.00;3.00
0.00230642361088940000000000000000000;0.00000000000000000000000000000000000;3.20;3.00
0.07612336033957940000000000000000000;0.02116609881390560000000000000000000;4.90;3.00
0.08632642103930270000000000000000000;0.00857882589094705000000000000000000;3.70;3.00
0.07743325617252590000000000000000000;0.00412278794288312000000000000000000;3.70;3.00
0.04799057998980060000000000000000000;0.04763959763096160000000000000000000;3.10;3.00
0.00219675925927731000000000000000000;0.05485594062185940000000000000000000;3.30;3.00
0.00894309413592964000000000000000000;0.00000000000000000000000000000000000;3.00;3.00
0.03894360853905710000000000000000000;0.00000000000000000000000000000000000;3.00;3.00
0.02419196887854010000000000000000000;0.01468054226762840000000000000000000;3.10;3.00
0.17678604038064800000000000000000000;0.01831307113233200000000000000000000;3.10;3.00
0.16582365612112000000000000000000000;0.01696529090602380000000000000000000;3.50;3.00
0.10753031764443200000000000000000000;0.00864370834135819000000000000000000;3.00;3.00
0.09590731095704540000000000000000000;0.04669833138744360000000000000000000;3.60;3.00
0.02862663966038780000000000000000000;0.01982808208479670000000000000000000;3.40;3.00
0.01094965277775370000000000000000000;0.06945007706342030000000000000000000;3.20;3.00
0.10021842849778300000000000000000000;0.01182719177296310000000000000000000;3.80;3.00
0.14527350180060200000000000000000000;0.02914988915584860000000000000000000;3.10;3.00
0.04564782664601810000000000000000000;0.01485275245907310000000000000000000;4.00;3.00
0.03183121141978520000000000000000000;0.02970855299129550000000000000000000;3.40;3.00
0.04346042309680340000000000000000000;0.00713127228084232000000000000000000;3.40;3.00
0.00009223894039678270000000000000000;0.00000000000000177635683940025000000;3.70;3.00
0.02425289351867830000000000000000000;0.02538175283616680000000000000000000;3.70;3.00
0.05496103395034880000000000000000000;0.04844513444298910000000000000000000;4.80;3.00
0.01931401105957780000000000000000000;0.00340591067431539000000000000000000;3.40;3.00
0.00801421039113848000000000000000000;0.03560724795874680000000000000000000;3.00;3.00
0.01417312885814680000000000000000000;0.00419559550490012000000000000000000;3.50;3.00
0.01781050668705570000000000000000000;0.00735493974229773000000000000000000;3.70;3.00
0.05318894675906450000000000000000000;0.00375427456693800000000000000000000;3.20;3.00
0.02472817001057590000000000000000000;0.00000000000000000000000000000000000;3.20;3.00
0.00010455246911078600000000000000000;0.01184697975657970000000000000000000;3.60;3.00
0.00187602880623672000000000000000000;0.01656442900636010000000000000000000;3.30;3.00
0.01354594264398660000000000000000000;0.02728391729301060000000000000000000;3.20;3.00
0.00424376286014194000000000000000000;0.00592133619523350000000000000000000;3.30;3.00
0.00433998842595429000000000000000000;0.02741758092823580000000000000000000;3.30;3.00
0.01216126543204150000000000000000000;0.06137570405642450000000000000000000;3.90;3.00
0.00009802597742236690000000000000000;0.04667252169802750000000000000000000;3.60;3.00
0.00024598122422503400000000000000000;0.03964856137738120000000000000000000;3.30;3.00
0.00054587834370067900000000000000000;0.00000000000000000000000000000000000;3.40;3.00
0.00038930684149818300000000000000000;0.01717937032845330000000000000000000;3.00;3.00
0.00637291023645048000000000000000000;0.00000000000000000000000000000000000;3.30;3.00
0.00153240740723959000000000000000000;0.06374185155135570000000000000000000;3.40;3.00
0.00409751157394567000000000000000000;0.04766966488153580000000000000000000;3.10;3.00
0.00011554783964129500000000000000000;0.00000000000000000000000000000000000;3.40;3.00
0.00461349022589275000000000000000000;0.02067806382855530000000000000000000;3.40;3.00
0.00068708204707945700000000000000000;0.02021980640805920000000000000000000;3.40;3.00
0.00298636831280419000000000000000000;0.00681524201091110000000000000000000;3.50;3.00
0.06556172839509600000000000000000000;0.00666504729747230000000000000000000;3.10;3.00
0.04653941615242730000000000000000000;0.03464220535715760000000000000000000;3.10;3.00
0.40844460519565500000000000000000000;0.01772630538380750000000000000000000;3.60;3.00
0.02426154192403370000000000000000000;0.01772630538380650000000000000000000;3.50;3.00
0.43089036779838400000000000000000000;0.00412278794288312000000000000000000;3.50;3.00
0.04669569830252840000000000000000000;0.03066281487016100000000000000000000;3.10;3.00
0.02432536008245730000000000000000000;0.01135746927812860000000000000000000;3.10;3.00
0.10192184284983300000000000000000000;0.03228475185126700000000000000000000;3.10;3.00
0.01597225437240010000000000000000000;0.00881225740931368000000000000000000;3.50;3.00
0.13855398019563800000000000000000000;0.03367071342063980000000000000000000;4.00;3.00
0.09302301954721770000000000000000000;0.02783938986559240000000000000000000;3.20;3.00
0.01111918081301160000000000000000000;0.00000000000000000000000000000000000;3.10;3.00
0.04173652906365530000000000000000000;0.02378566243810430000000000000000000;3.10;3.00
0.02026006301434790000000000000000000;0.00673951709967735000000000000000000;3.50;3.00
0.20623652906374400000000000000000000;0.02115207879910730000000000000000000;3.30;3.00
0.47481584362140000000000000000000000;0.01451130987380390000000000000000000;3.00;3.00
0.10854822530905000000000000000000000;0.10193110981925800000000000000000000;3.20;3.00
0.27268997556575400000000000000000000;0.03088865447391350000000000000000000;3.50;3.00
0.02738586676946400000000000000000000;0.01282807508206620000000000000000000;3.00;3.00
0.07965271347711680000000000000000000;0.03333137486210050000000000000000000;3.00;3.00
0.11285198045266000000000000000000000;0.03485957120523020000000000000000000;3.20;3.00
0.04884481095655250000000000000000000;0.00000000000000000000000000000000000;4.30;3.00
0.00777404835366724000000000000000000;0.00331413720613272000000000000000000;4.00;3.00
0.01000835905347230000000000000000000;0.00975569966312273000000000000000000;3.80;3.00
0.02606854423879670000000000000000000;0.00287004019232917000000000000000000;4.60;3.00
0.01478356481447920000000000000000000;0.02837156658798320000000000000000000;3.70;3.00
0.01702160493846350000000000000000000;0.01391568079410640000000000000000000;3.00;3.00
0.00826179912542102000000000000000000;0.03212602859191020000000000000000000;4.40;3.00
0.02405877057594810000000000000000000;0.00721389447121379000000000000000000;4.50;3.00
0.05618463863152100000000000000000000;0.01652279106332210000000000000000000;3.50;3.00
0.31981417181054900000000000000000000;0.01121332274861240000000000000000000;3.00;3.00
0.01276977237671420000000000000000000;0.00859706962728701000000000000000000;4.60;3.00
0.03233040766485830000000000000000000;0.00123393136124272000000000000000000;4.50;3.00
0.05286056455724970000000000000000000;0.00650663529273865000000000000000000;3.30;3.00
